<?xml version="1.0" encoding="utf-8"?>
<!--

AlexTotenkopf Locus Maps, revision 1 (27.04.2020)

Набор карт для Locus, которые наиболее актуальны для использования в Беларуси (https://www.locusmap.eu/)
Автор:  @AlexTotenkopf
идейный вдохновитель: https://melda.ru/locus/

-->
<providers>
	<!-- OSM -->
	<provider id="101010" type="0" visible="true" background="-1"> <!-- OSM mapnik -->
		<name>OSM</name>
		<mode>Mapnik</mode>
		<countries>World</countries>
		<usage>city,road</usage>
		<cacheTimeout>720</cacheTimeout>
		<url><![CDATA[https://tile.osmand.net/{ts}{z}/{x}/{y}.png]]></url>
		<serverPart>a;b;c</serverPart>
		<zoomPart>{z}-8</zoomPart>
		<zoomMin>8</zoomMin>
		<zoomMax>27</zoomMax> <!-- Max: 19+8 -->
		<tileSize>256</tileSize>
		<tileScales>
			<tileScale dpi="0" multi="1" replace="" />
			<tileScale dpi="320" multi="2" replace="hd/" />
		</tileScales>
		<attribution><![CDATA[Map Data <a href="https://www.openstreetmap.org/">OpenStreetMap</a>, <a href="https://creativecommons.org/licenses/by-sa/2.0/">CC-BY-SA</a>]]></attribution>
		<extraHeader><![CDATA[User-Agent#Mozilla/5.0 (Windows NT 10.0; Win64; x64) AppleWebKit/537.36 (KHTML, like Gecko) Chrome/77.0.3865.120 Safari/537.36]]></extraHeader>
		<extraHeader><![CDATA[Referer#https://osmand.net/go.html]]></extraHeader>
	</provider> <!-- /OSM mapnik -->
	<provider id="101020" type="0" visible="true" background="-1"> <!-- OSM cycle -->
		<name>OSM</name>
		<mode>Cycle</mode>
		<countries>World</countries>
		<usage>cycle</usage>
		<cacheTimeout>720</cacheTimeout>
		<url><![CDATA[https://{s}.tile.thunderforest.com/cycle/{z}/{x}/{y}{ts}.png]]></url>
		<serverPart>a;b;c</serverPart>
		<zoomPart>{z}-8</zoomPart>
		<zoomMin>8</zoomMin>
		<zoomMax>27</zoomMax> <!-- Max: 19+8 -->
		<tileSize>256</tileSize>
		<tileScales>
			<tileScale dpi="0" multi="1" replace="" />
			<tileScale dpi="320" multi="2" replace="@2x" />
		</tileScales>
		<attribution><![CDATA[Map Data <a href="https://www.openstreetmap.org/">OpenStreetMap</a>, <a href="https://creativecommons.org/licenses/by-sa/2.0/">CC-BY-SA</a>]]></attribution>
		<extraHeader><![CDATA[User-Agent#Mozilla/5.0 (Windows NT 10.0; Win64; x64) AppleWebKit/537.36 (KHTML, like Gecko) Chrome/77.0.3865.120 Safari/537.36]]></extraHeader>
		<extraHeader><![CDATA[Referer#https://www.openstreetmap.org/]]></extraHeader>
	</provider> <!-- /OSM cycle -->
	<provider id="101030" type="0" visible="true" background="-1"> <!-- OSM outdoor -->
		<name>OSM</name>
		<mode>Outdoors</mode>
		<countries>World</countries>
		<usage>hiking,ski</usage>
		<cacheTimeout>720</cacheTimeout>
		<url><![CDATA[https://{s}.tile.thunderforest.com/outdoors/{z}/{x}/{y}{ts}.png]]></url>
		<serverPart>a;b;c</serverPart>
		<zoomPart>{z}-8</zoomPart>
		<zoomMin>8</zoomMin>
		<zoomMax>27</zoomMax> <!-- Max: 19+8 -->
		<tileSize>256</tileSize>
		<tileScales>
			<tileScale dpi="0" multi="1" replace="" />
			<tileScale dpi="320" multi="2" replace="@2x" />
		</tileScales>
		<attribution><![CDATA[Map Data <a href="https://www.openstreetmap.org/">OpenStreetMap</a>, <a href="https://creativecommons.org/licenses/by-sa/2.0/">CC-BY-SA</a>]]></attribution>
		<extraHeader><![CDATA[User-Agent#Mozilla/5.0 (Windows NT 10.0; Win64; x64) AppleWebKit/537.36 (KHTML, like Gecko) Chrome/77.0.3865.120 Safari/537.36]]></extraHeader>
		<extraHeader><![CDATA[Referer#https://www.openstreetmap.org/]]></extraHeader>
	</provider> <!-- /OSM outdoor -->
	<provider id="101040" type="0" visible="true" background="-1"> <!-- OSM opentopo -->
		<name>OSM</name>
		<mode>OpenTopoMap</mode>
		<countries>World</countries>
		<usage>hiking,ski</usage>
		<cacheTimeout>720</cacheTimeout>
		<url><![CDATA[https://{s}.tile.opentopomap.org/{z}/{x}/{y}.png]]></url>
		<serverPart>a;b;c</serverPart>
		<zoomPart>{z}-8</zoomPart>
		<zoomMin>8</zoomMin>
		<zoomMax>25</zoomMax> <!-- Max: 17+8 -->
		<tileSize>256</tileSize>
		<attribution><![CDATA[Map Data <a href="https://www.openstreetmap.org/">OpenStreetMap</a>, <a href="https://creativecommons.org/licenses/by-sa/2.0/">CC-BY-SA</a>]]></attribution>
		<extraHeader><![CDATA[User-Agent#Mozilla/5.0 (Windows NT 10.0; Win64; x64) AppleWebKit/537.36 (KHTML, like Gecko) Chrome/77.0.3865.120 Safari/537.36]]></extraHeader>
		<extraHeader><![CDATA[Referer#https://opentopomap.org/]]></extraHeader>
	</provider> <!-- OSM opentopo -->
	<provider id="101060" type="0" visible="true" background="-1"> <!-- OSM transport -->
		<name>OSM</name>
		<mode>Transport</mode>
		<countries>World</countries>
		<usage>transport</usage>
		<cacheTimeout>720</cacheTimeout>
		<url><![CDATA[https://{s}.tile.thunderforest.com/transport/{z}/{x}/{y}{ts}.png]]></url>
		<serverPart>a;b;c</serverPart>
		<zoomPart>{z}-8</zoomPart>
		<zoomMin>8</zoomMin>
		<zoomMax>27</zoomMax> <!-- Max: 19+8 -->
		<tileSize>256</tileSize>
		<tileScales>
			<tileScale dpi="0" multi="1" replace="" />
			<tileScale dpi="320" multi="2" replace="@2x" />
		</tileScales>
		<attribution><![CDATA[Map Data <a href="https://www.openstreetmap.org/">OpenStreetMap</a>, <a href="https://creativecommons.org/licenses/by-sa/2.0/">CC-BY-SA</a>]]></attribution>
		<extraHeader><![CDATA[User-Agent#Mozilla/5.0 (Windows NT 10.0; Win64; x64) AppleWebKit/537.36 (KHTML, like Gecko) Chrome/77.0.3865.120 Safari/537.36]]></extraHeader>
		<extraHeader><![CDATA[Referer#https://www.openstreetmap.org/]]></extraHeader>
	</provider> <!-- /OSM transport -->

	<!-- topo-->
	<provider id="102010" type="0" visible="true" background="-1"> <!-- маршруты.ru -->
		<name>Topomaps</name>
		<mode>Маршруты.ru</mode>
		<countries>World</countries>
		<usage>hiking</usage>
		<url><![CDATA[https://maps.marshruty.ru/ml.ashx?al=1&x={x}&y={y}&z={z}]]></url>
		<zoomPart>{z}-8</zoomPart>
		<zoomMin>16</zoomMin>
		<zoomMax>23</zoomMax> <!-- Max: 15+8 -->
		<tileSize>256</tileSize>
		<extraHeader><![CDATA[User-Agent#Mozilla/5.0 (Windows NT 10.0; Win64; x64) AppleWebKit/537.36 (KHTML, like Gecko) Chrome/77.0.3865.120 Safari/537.36]]></extraHeader>
		<extraHeader><![CDATA[Referer#http://maps.marshruty.ru/]]></extraHeader>
	</provider> <!-- /маршруты.ru -->
	<provider id="102020" type="0" visible="true" background="-1"> <!-- AnyGIS.ru  -->
		<name>Topomaps</name>
		<mode>RusOutdoor</mode>
		<countries>CIS</countries>
		<usage>hiking</usage>
		<cacheTimeout>2160</cacheTimeout>
		<url><![CDATA[https://anygis.ru/api/v1/Combo_RusOutdoor/{x}/{y}/{z}]]></url>
		<zoomPart>{z}-8</zoomPart>
		<zoomMin>8</zoomMin>    <!-- 0 -->
		<zoomMax>30</zoomMax>   <!-- 22 -->
		<tileSize>256</tileSize>
		<extraHeader><![CDATA[Referer#https://anygis.ru/]]></extraHeader>
		<extraHeader><![CDATA[User-Agent#Mozilla/5.0 (Windows NT 10.0; Win64; x64) AppleWebKit/537.36 (KHTML, like Gecko) Chrome/57.0.2987.110 Safari/537.36]]></extraHeader>
		<attribution><![CDATA[Map pack from <a href="https://anygis.ru/">AnyGIS.ru</a>]]></attribution>
	</provider> <!-- /AnyGIS.ru  -->
	<provider id="102030" type="0" visible="true" background="-1"> <!-- AnyGIS.ru lite -->
		<name>Topomaps</name>
		<mode>RusOutdoor (lite)</mode>
		<countries>CIS</countries>
		<usage>hiking</usage>
		<cacheTimeout>2160</cacheTimeout>
		<url><![CDATA[https://anygis.ru/api/v1/Combo_RusOutdoor_lite/{x}/{y}/{z}]]></url>
		<zoomPart>{z}-8</zoomPart>
		<zoomMin>8</zoomMin>    <!-- 0 -->
		<zoomMax>30</zoomMax>   <!-- 22 -->
		<tileSize>256</tileSize>
		<extraHeader><![CDATA[Referer#https://anygis.ru/]]></extraHeader>
		<extraHeader><![CDATA[User-Agent#Mozilla/5.0 (Windows NT 10.0; Win64; x64) AppleWebKit/537.36 (KHTML, like Gecko) Chrome/57.0.2987.110 Safari/537.36]]></extraHeader>
		<attribution><![CDATA[Map pack from <a href="https://anygis.ru/">AnyGIS.ru</a>]]></attribution>
	</provider> <!-- /AnyGIS.ru lite  -->
	
	<!-- satellite -->
	<provider id="103010" type="0" visible="true" background="-1"> <!-- Google sat -->
		<name>Satellite</name>
		<mode>Google</mode>
		<countries>World</countries>
		<usage>photo</usage>
		<cacheTimeout>2160</cacheTimeout>
		<url><![CDATA[https://mt{s}.google.com/vt/lyrs=s&hl=ru&x={x}&y={y}&z={z}&scale={ts}]]></url>
		<serverPart>0;1;2;3</serverPart>
		<zoomPart>{z}-8</zoomPart>
		<zoomMin>8</zoomMin>
		<zoomMax>27</zoomMax> <!-- Max: 20+8 -->
		<tileSize>256</tileSize>
		<tileScales>
			<tileScale dpi="0" multi="1" replace="1" />
			<tileScale dpi="320" multi="2" replace="2" />
		</tileScales>
		<attribution><![CDATA[© Google & others]]></attribution>
		<extraHeader><![CDATA[User-Agent#Mozilla/5.0 (Windows NT 10.0; Win64; x64) AppleWebKit/537.36 (KHTML, like Gecko) Chrome/77.0.3865.120 Safari/537.36]]></extraHeader>
		<extraHeader><![CDATA[Referer#https://www.google.com/maps/]]></extraHeader>
	</provider> <!-- /Google sat -->
	<provider id="103020" type="0" visible="true" background="-1"> <!-- Google hybrid -->
		<name>Satellite</name>
		<mode>Google - Гибрид</mode>
		<countries>World</countries>
		<usage>photo</usage>
		<cacheTimeout>2160</cacheTimeout>
		<url><![CDATA[https://mt{s}.google.com/vt/lyrs=y&hl=ru&x={x}&y={y}&z={z}&scale={ts}]]></url>
		<serverPart>0;1;2;3</serverPart>
		<zoomPart>{z}-8</zoomPart>
		<zoomMin>8</zoomMin>
		<zoomMax>27</zoomMax> <!-- Max: 20+8 -->
		<tileSize>256</tileSize>
		<tileScales>
			<tileScale dpi="0" multi="1" replace="1" />
			<tileScale dpi="320" multi="2" replace="2" />
		</tileScales>
		<attribution><![CDATA[© Google & others]]></attribution>
		<extraHeader><![CDATA[User-Agent#Mozilla/5.0 (Windows NT 10.0; Win64; x64) AppleWebKit/537.36 (KHTML, like Gecko) Chrome/77.0.3865.120 Safari/537.36]]></extraHeader>
		<extraHeader><![CDATA[Referer#https://www.google.com/maps/]]></extraHeader>
	</provider> <!-- Google hybrid -->
	<provider id="103030" type="2" visible="true" required="true" background="-1"> <!-- Yandex sat -->
		<name>Satellite</name>
		<mode>Яндекс</mode>
		<countries>World</countries>
		<usage>photo</usage>
		<cacheTimeout>2160</cacheTimeout>
		<url><![CDATA[https://sat{s}.maps.yandex.net/tiles?l=sat&x={x}&y={y}&z={z}]]></url>
		<serverPart>01;02;03;04</serverPart>
		<zoomPart>{z}-8</zoomPart>
		<zoomMin>8</zoomMin>
		<zoomMax>27</zoomMax> <!-- Max: 19+8 -->
		<tileSize>256</tileSize>
		<attribution><![CDATA[© Яндекс & others]]></attribution>
		<extraHeader><![CDATA[User-Agent#Mozilla/5.0 (Windows NT 10.0; Win64; x64) AppleWebKit/537.36 (KHTML, like Gecko) Chrome/77.0.3865.120 Safari/537.36]]></extraHeader>
		<extraHeader><![CDATA[Referer#https://yandex.ru/maps/]]></extraHeader>
	</provider> <!-- Yandex sat -->
	<provider id="103040" type="2" visible="true" required="false" background="103030"> <!-- Карта, указанная в background, должна быть в xml`е выше --> <!-- Yandex hybrid -->
		<name>Satellite</name>
		<mode>Яндекс - Гибрид</mode>
		<countries>World</countries>
		<usage>photo</usage>
		<url><![CDATA[https://vec{s}.maps.yandex.net/tiles?l=skl&x={x}&y={y}&z={z}&scale={ts}&lang=ru_RU]]></url>
		<cacheTimeout>2160</cacheTimeout>
		<serverPart>01;02;03;04</serverPart>
		<zoomPart>{z}-8</zoomPart>
		<zoomMin>8</zoomMin>
		<zoomMax>27</zoomMax> <!-- Max: 19+8 -->
		<tileSize>256</tileSize>
		<tileScales>
			<tileScale dpi="0" multi="1" replace="1" />
			<tileScale dpi="320" multi="2" replace="2" />
		</tileScales>
		<attribution><![CDATA[© Яндекс & others]]></attribution>
		<extraHeader><![CDATA[User-Agent#Mozilla/5.0 (Windows NT 10.0; Win64; x64) AppleWebKit/537.36 (KHTML, like Gecko) Chrome/77.0.3865.120 Safari/537.36]]></extraHeader>
		<extraHeader><![CDATA[Referer#https://yandex.ru/maps/]]></extraHeader>
	</provider> <!-- /Yandex hybrid -->
	<provider id="103050" type="5" visible="true" background="-1"> <!-- Bing sat -->
		<name>Satellite</name>
		<mode>Bing</mode>
		<countries>World</countries>
		<usage>photo</usage>
		<cacheTimeout>2160</cacheTimeout>
		<url><![CDATA[https://t.ssl.ak.tiles.virtualearth.net/tiles/a{c}.jpeg?g=0]]></url>
		<zoomPart>{z}-8</zoomPart>
		<zoomMin>8</zoomMin>
		<zoomMax>27</zoomMax> <!-- Max: 19+8 -->
		<tileSize>256</tileSize>
		<attribution><![CDATA[© Microsoft | <a href="https://go.microsoft.com/fwlink/?LinkId=74170">Privacy</a> | <a href="https://g.msn.com/0TO_/enww">Legal</a>]]></attribution>
		<extraHeader><![CDATA[User-Agent#Mozilla/5.0 (Windows NT 10.0; Win64; x64) AppleWebKit/537.36 (KHTML, like Gecko) Chrome/77.0.3865.120 Safari/537.36]]></extraHeader>
		<extraHeader><![CDATA[Referer#https://www.bing.com/maps]]></extraHeader>
	</provider> <!-- /Bing sat -->
	<provider id="103060" type="0" visible="true" background="-1"> <!-- ESRI -->
		<name>Satellite</name>
		<mode>ESRI</mode>
		<countries>World</countries>
		<usage>photo</usage>
		<cacheTimeout>2160</cacheTimeout>
		<url><![CDATA[https://server.arcgisonline.com/ArcGIS/rest/services/World_Imagery/MapServer/tile/{z}/{y}/{x}]]></url>
		<zoomPart>{z}-8</zoomPart>
		<zoomMin>8</zoomMin>
		<zoomMax>25</zoomMax> <!-- Max: 17+8 -->
		<tileSize>256</tileSize>
		<attribution><![CDATA[© ESRI]]></attribution>
		<extraHeader><![CDATA[User-Agent#Mozilla/5.0 (Windows NT 10.0; Win64; x64) AppleWebKit/537.36 (KHTML, like Gecko) Chrome/77.0.3865.120 Safari/537.36]]></extraHeader>
		<extraHeader><![CDATA[Referer#https://esri.maps.arcgis.com/home/webmap/viewer.html]]></extraHeader>
	</provider> <!-- /ESRI -->
	<provider id="103070" type="0" visible="true" background="-1"> <!-- HERE -->
		<name>Satellite</name>
		<mode>Here</mode>
		<countries>World</countries>
		<usage>photo</usage>
		<cacheTimeout>2160</cacheTimeout>
		<url><![CDATA[https://{s}.aerial.maps.api.here.com/maptile/2.1/maptile/newest/satellite.day/{z}/{x}/{y}/{ts}/png8?app_id=xWVIueSv6JL0aJ5xqTxb&app_code=djPZyynKsbTjIUDOBcHZ2g]]></url>
		<serverPart>1;2;3;4</serverPart>
		<zoomPart>{z}-8</zoomPart>
		<zoomMin>8</zoomMin>
		<zoomMax>25</zoomMax> <!-- Max: 17+8 -->
		<tileSize>256</tileSize>
		<tileScales>
			<tileScale dpi="0" multi="1" replace="256" />
			<tileScale dpi="320" multi="2" replace="512" />
		</tileScales>
		<attribution><![CDATA[© HERE]]></attribution>
		<extraHeader><![CDATA[User-Agent#Mozilla/5.0 (Windows NT 10.0; Win64; x64) AppleWebKit/537.36 (KHTML, like Gecko) Chrome/77.0.3865.120 Safari/537.36]]></extraHeader>
		<extraHeader><![CDATA[Referer#https://wego.here.com/]]></extraHeader>
	</provider> <!-- /HERE -->
	<provider id="103080" type="0" visible="true" background="-1"> <!-- MapBox -->
		<name>Satellite</name>
		<mode>MapBox</mode>
		<countries>World</countries>
		<usage>photo</usage>
		<cacheTimeout>2160</cacheTimeout>
		<url><![CDATA[https://{s}.tiles.mapbox.com/v4/mapbox.satellite/{z}/{x}/{y}.jpg?access_token=pk.eyJ1Ijoib3BlbnN0cmVldG1hcCIsImEiOiJjaml5MjVyb3MwMWV0M3hxYmUzdGdwbzE4In0.q548FjhsSJzvXsGlPsFxAQ]]></url>
		<serverPart>a;b;c;d</serverPart>
		<zoomPart>{z}-8</zoomPart>
		<zoomMin>8</zoomMin>
		<zoomMax>27</zoomMax> <!-- Max: 19+8 -->
		<tileSize>256</tileSize>
		<attribution><![CDATA[© MapBox]]></attribution>
		<extraHeader><![CDATA[User-Agent#Mozilla/5.0 (Windows NT 10.0; Win64; x64) AppleWebKit/537.36 (KHTML, like Gecko) Chrome/77.0.3865.120 Safari/537.36]]></extraHeader>
	</provider> <!-- /MapBox -->
	<provider id="103090" type="1" visible="true" background="-1"> <!-- Maxar standart -->
		<name>Satellite</name>
		<mode>Maxar Standard</mode>
		<countries>World</countries>
		<usage>photo</usage>
		<cacheTimeout>2160</cacheTimeout>
		<url><![CDATA[https://earthwatch.digitalglobe.com/earthservice/tmsaccess/tms/1.0.0/DigitalGlobe:ImageryTileService@EPSG:3857@jpg/{z}/{x}/{y}.jpg?connectId=d9c5e3ef-6300-4cec-9562-c1f27da6b2d9]]></url>
		<zoomPart>{z}-8</zoomPart>
		<zoomMin>8</zoomMin>
		<zoomMax>27</zoomMax> <!-- Max: 19+8 -->
		<tileSize>256</tileSize>
		<attribution><![CDATA[© Maxar]]></attribution>
		<extraHeader><![CDATA[User-Agent#Mozilla/5.0 (Windows NT 10.0; Win64; x64) AppleWebKit/537.36 (KHTML, like Gecko) Chrome/77.0.3865.120 Safari/537.36]]></extraHeader>
	</provider> <!-- /Maxar standart -->
	<provider id="103100" type="1" visible="true" background="-1"> <!-- Maxar premium -->
		<name>Satellite</name>
		<mode>Maxar Premium</mode>
		<countries>World</countries>
		<usage>photo</usage>
		<cacheTimeout>2160</cacheTimeout>
		<url><![CDATA[https://earthwatch.digitalglobe.com/earthservice/tmsaccess/tms/1.0.0/DigitalGlobe:ImageryTileService@EPSG:3857@jpg/{z}/{x}/{y}.jpg?connectId=91e57457-aa2d-41ad-a42b-3b63a123f54a]]></url>
		<zoomPart>{z}-8</zoomPart>
		<zoomMin>8</zoomMin>
		<zoomMax>27</zoomMax> <!-- Max: 19+8 -->
		<tileSize>256</tileSize>
		<attribution><![CDATA[© Maxar]]></attribution>
		<extraHeader><![CDATA[User-Agent#Mozilla/5.0 (Windows NT 10.0; Win64; x64) AppleWebKit/537.36 (KHTML, like Gecko) Chrome/77.0.3865.120 Safari/537.36]]></extraHeader>
	</provider> <!-- /Maxar premium -->

	<!-- Схемы -->
	<provider id="104010" type="0" visible="true" background="-1"> <!-- Google -->
		<name>Roadmap</name>
		<mode>Google</mode>
		<countries>World</countries>
		<usage>city,road</usage>
		<cacheTimeout>2160</cacheTimeout>
		<url><![CDATA[https://mt{s}.google.com/vt/lyrs=m&hl=ru&x={x}&y={y}&z={z}&scale={ts}]]></url>
		<serverPart>0;1;2;3</serverPart>
		<zoomPart>{z}-8</zoomPart>
		<zoomMin>8</zoomMin>
		<zoomMax>27</zoomMax> <!-- Max: 22+8 -->
		<tileSize>256</tileSize>
		<tileScales>
			<tileScale dpi="0" multi="1" replace="1" />
			<tileScale dpi="320" multi="2" replace="2" />
		</tileScales>
		<attribution><![CDATA[© Google & others]]></attribution>
		<extraHeader><![CDATA[User-Agent#Mozilla/5.0 (Windows NT 10.0; Win64; x64) AppleWebKit/537.36 (KHTML, like Gecko) Chrome/77.0.3865.120 Safari/537.36]]></extraHeader>
		<extraHeader><![CDATA[Referer#https://www.google.com/maps/]]></extraHeader>
	</provider> <!-- /Google -->
	<provider id="104020" type="2" visible="true" background="-1"> <!-- Yandex -->
		<name>Roadmap</name>
		<mode>Яндекс</mode>
		<countries>World</countries>
		<usage>city,road</usage>
		<cacheTimeout>2160</cacheTimeout>
		<url><![CDATA[https://vec{s}.maps.yandex.net/tiles?l=map&x={x}&y={y}&z={z}&scale={ts}&lang=ru-RU]]></url>
		<serverPart>01;02;03;04</serverPart>
		<zoomPart>{z}-8</zoomPart>
		<zoomMin>8</zoomMin>
		<zoomMax>27</zoomMax> <!-- Max: 19+8 -->
		<tileSize>256</tileSize>
		<tileScales>
			<tileScale dpi="0" multi="1" replace="1" />
			<tileScale dpi="320" multi="2" replace="2" />
		</tileScales>
		<attribution><![CDATA[© Яндекс]]></attribution>
		<extraHeader><![CDATA[User-Agent#Mozilla/5.0 (Windows NT 10.0; Win64; x64) AppleWebKit/537.36 (KHTML, like Gecko) Chrome/77.0.3865.120 Safari/537.36]]></extraHeader>
		<extraHeader><![CDATA[Referer#https://yandex.ru/maps/]]></extraHeader>
	</provider> <!-- /Yandex -->
	<provider id="104030" type="2" visible="true" background="-1"> <!-- Yandex народная -->
		<name>Roadmap</name>
		<mode>Яндекс - Народная</mode>
		<countries>World</countries>
		<usage>city,road</usage>
		<cacheTimeout>2160</cacheTimeout>
		<url><![CDATA[https://{s}.core-nmaps-renderer-nmaps.maps.yandex.net/?x={x}&y={y}&z={z}&l=mpmap&sl=104,210342,210370,211777,211818,211939,211993,212015,212019,212026,212032,212081,212216,300024,300026,300198,300270,300292,300330,300337,300344,300351,300358,300365,300372,300379,300386,300393,300400,300406,300407,300468,300472,300523,300641,300651,300661,300683,300931,300939,300954,300969,300993,301050,301084,301125,301135,301155,301164,301183,301275,301383,301388,301494,301501,301520,301596,301676,301685,301700,301773,302053,302080,302089,302090,302107,302526,5300026,5400032,5400052,5400061,700010001,700010157,701302007,70300160,70300190,70300482,70300613,70300627&token=1534368522:170042125:core.1534368522:169099502:social]]></url>
		<serverPart>01;02;03;04</serverPart>
		<zoomPart>{z}-8</zoomPart>
		<zoomMin>8</zoomMin>
		<zoomMax>29</zoomMax> <!-- Max: 22+8 -->
		<tileSize>256</tileSize>
		<attribution><![CDATA[Народная карта © Яндекс]]></attribution>
		<extraHeader><![CDATA[User-Agent#Mozilla/5.0 (Windows NT 10.0; Win64; x64) AppleWebKit/537.36 (KHTML, like Gecko) Chrome/77.0.3865.120 Safari/537.36]]></extraHeader>
		<extraHeader><![CDATA[Referer#https://n.maps.yandex.ru/]]></extraHeader>
	</provider> <!-- /Yandex народная -->
	<provider id="104040" type="0" visible="true" background="-1"> <!-- Wikimapia -->
		<name>Roadmap</name>
		<mode>Wikimapia</mode>
		<countries>World</countries>
		<usage>city,road</usage>
		<cacheTimeout>720</cacheTimeout>
		<url><![CDATA[http://i{s}.wikimapia.org/?x={x}&y={y}&zoom={z}&lng=1]]></url>
		<serverPart>{x}%4+({y}%4)*4</serverPart>
		<zoomPart>{z}-8</zoomPart>
		<zoomMin>8</zoomMin>
		<zoomMax>30</zoomMax> <!-- Max: 22+8 -->
		<tileSize>256</tileSize>
		<attribution><![CDATA[<a href="https://wikimapia.org/">Wikimapia CC-BY-SA</a>]]></attribution>
		<extraHeader><![CDATA[User-Agent#Mozilla/5.0 (Windows NT 10.0; Win64; x64) AppleWebKit/537.36 (KHTML, like Gecko) Chrome/77.0.3865.120 Safari/537.36]]></extraHeader>
		<extraHeader><![CDATA[Referer#http://wikimapia.org/]]></extraHeader>
	</provider> <!-- /Wikimapia -->
	<provider id="104050" type="0" visible="true" background="-1"> <!-- 2gis -->
		<name>Roadmap</name>
		<mode>2GIS</mode>
		<countries>Russia</countries>
		<usage>city,road</usage>
		<cacheTimeout>2160</cacheTimeout>
		<url><![CDATA[https://tile{s}.maps.2gis.com/tiles?x={x}&y={y}&z={z}&ts=online_{ts}]]></url>
		<serverPart>0;1;2;3</serverPart>
		<zoomPart>{z}-8</zoomPart>
		<zoomMin>8</zoomMin>
		<zoomMax>26</zoomMax> <!-- Max: 18+8 -->
		<tileSize>256</tileSize>
		<tileScales>
			<tileScale dpi="0" multi="1" replace="sd" />
			<tileScale dpi="320" multi="2" replace="hd" />
		</tileScales>
		<attribution><![CDATA[© 2GIS]]></attribution>
		<extraHeader><![CDATA[User-Agent#Mozilla/5.0 (Windows NT 10.0; Win64; x64) AppleWebKit/537.36 (KHTML, like Gecko) Chrome/77.0.3865.120 Safari/537.36]]></extraHeader>
		<extraHeader><![CDATA[Referer#https://2gis.ru/]]></extraHeader>
	</provider> <!-- /2gis -->

	<!-- layers -->
	<provider id="105010" type="0" visible="true" background="-1"> <!-- Google l -->
		<name>Layers</name>
		<mode>Google</mode>
		<countries>World</countries>
		<usage>overlay</usage>
		<cacheTimeout>2160</cacheTimeout>
		<url><![CDATA[https://mt{s}.google.com/vt/lyrs=h&hl=ru&x={x}&y={y}&z={z}&scale={ts}]]></url>
		<serverPart>0;1;2;3</serverPart>
		<zoomPart>{z}-8</zoomPart>
		<zoomMin>8</zoomMin>
		<zoomMax>27</zoomMax> <!-- Max: 20+8 -->
		<tileSize>256</tileSize>
		<tileScales>
			<tileScale dpi="0" multi="1" replace="1" />
			<tileScale dpi="320" multi="2" replace="2" />
		</tileScales>
		<attribution><![CDATA[© Google & others]]></attribution>
		<extraHeader><![CDATA[User-Agent#Mozilla/5.0 (Windows NT 10.0; Win64; x64) AppleWebKit/537.36 (KHTML, like Gecko) Chrome/77.0.3865.120 Safari/537.36]]></extraHeader>
		<extraHeader><![CDATA[Referer#https://www.google.com/maps/]]></extraHeader>
	</provider> <!-- /Google l-->
	<provider id="105020" type="2" visible="true" background="-1"> <!-- Yandex l -->
		<name>Layers</name>
		<mode>Яндекс</mode>
		<countries>World</countries>
		<usage>overlay</usage>
		<cacheTimeout>2160</cacheTimeout>
		<url><![CDATA[https://vec{s}.maps.yandex.net/tiles?l=skl&x={x}&y={y}&z={z}&scale={ts}&lang=ru_RU]]></url>
		<serverPart>01;02;03;04</serverPart>
		<zoomPart>{z}-8</zoomPart>
		<zoomMin>8</zoomMin>
		<zoomMax>27</zoomMax> <!-- Max: 19+8 -->
		<tileSize>256</tileSize>
		<tileScales>
			<tileScale dpi="0" multi="1" replace="1" />
			<tileScale dpi="320" multi="2" replace="2" />
		</tileScales>
		<attribution><![CDATA[© Яндекс & others]]></attribution>
		<extraHeader><![CDATA[User-Agent#Mozilla/5.0 (Windows NT 10.0; Win64; x64) AppleWebKit/537.36 (KHTML, like Gecko) Chrome/77.0.3865.120 Safari/537.36]]></extraHeader>
		<extraHeader><![CDATA[Referer#https://yandex.ru/maps/]]></extraHeader>
	</provider>
	<provider id="105030" type="0" visible="true" background="-1"> <!-- Wikimapia l -->
		<name>Layers</name>
		<mode>Wikimapia</mode>
		<countries>World</countries>
		<usage>overlay</usage>
		<cacheTimeout>720</cacheTimeout>
		<url><![CDATA[http://i{s}.wikimapia.org/?x={x}&y={y}&zoom={z}&lng=1&type=hybrid]]></url>
		<serverPart>{x}%4+({y}%4)*4</serverPart>
		<zoomPart>{z}-8</zoomPart>
		<zoomMin>8</zoomMin>
		<zoomMax>30</zoomMax> <!-- Max: 22+8 -->
		<tileSize>256</tileSize>
		<attribution><![CDATA[<a href="https://wikimapia.org/">Wikimapia CC-BY-SA</a>]]></attribution>
		<extraHeader><![CDATA[User-Agent#Mozilla/5.0 (Windows NT 10.0; Win64; x64) AppleWebKit/537.36 (KHTML, like Gecko) Chrome/77.0.3865.120 Safari/537.36]]></extraHeader>
		<extraHeader><![CDATA[Referer#http://wikimapia.org/]]></extraHeader>
	</provider> <!-- /Wikimapia l -->
	<provider id="105040" type="0" visible="true" background="-1"> <!-- OSM l -->
		<name>Layers</name>
		<mode>OSM</mode>
		<countries>World</countries>
		<usage>overlay</usage>
		<cacheTimeout>720</cacheTimeout>
		<url><![CDATA[https://{s}.tiles.mapbox.com/v4/openstreetmap.map-inh76ba2/{z}/{x}/{y}{ts}.png?access_token=pk.eyJ1Ijoib3BlbnN0cmVldG1hcCIsImEiOiJjaml5MjVyb3MwMWV0M3hxYmUzdGdwbzE4In0.q548FjhsSJzvXsGlPsFxAQ]]></url>
		<serverPart>a;b;c;d</serverPart>
		<zoomPart>{z}-8</zoomPart>
		<zoomMin>8</zoomMin>
		<zoomMax>28</zoomMax> <!-- Max: 20+8 -->
		<tileSize>256</tileSize>
		<tileScales>
			<tileScale dpi="0" multi="1" replace="" />
			<tileScale dpi="320" multi="2" replace="@2x" />
		</tileScales>
		<attribution><![CDATA[© MapBox, Map Data <a href="https://www.openstreetmap.org/">OpenStreetMap</a>, <a href="https://creativecommons.org/licenses/by-sa/2.0/">CC-BY-SA</a>]]></attribution>
		<extraHeader><![CDATA[User-Agent#Mozilla/5.0 (Windows NT 10.0; Win64; x64) AppleWebKit/537.36 (KHTML, like Gecko) Chrome/77.0.3865.120 Safari/537.36]]></extraHeader>
	</provider> <!-- /OSM l -->
	
	<!-- Strava Heatmap  -->
	<provider id="3106040" type="0" visible="true" background="-1"> <!-- Strava all  -->
		<name>Heatmap</name>
		<mode>Strava</mode>
		<countries>World</countries>
		<usage>overlay</usage>
		<cacheTimeout>720</cacheTimeout>
		<url><![CDATA[https://anygis.ru/api/v1/Tracks_Strava_All_HD/{x}/{y}/{z}{ts}]]></url>
		<serverPart></serverPart>
		<zoomPart>{z}-8</zoomPart>
		<zoomMin>8</zoomMin>    <!-- 0 -->
		<zoomMax>23</zoomMax>   <!-- 15 -->
		<tileSize>256</tileSize>
		<tileScales>
			<tileScale dpi="0" multi="2" replace="" />
		</tileScales>
		<extraHeader><![CDATA[Referer#https://www.strava.com/heatmap]]></extraHeader>
		<extraHeader><![CDATA[User-Agent#Mozilla/5.0 (Windows NT 10.0; Win64; x64) AppleWebKit/537.36 (KHTML, like Gecko) Chrome/73.0.3683.103 Safari/537.36]]></extraHeader>
	</provider> <!-- /Strava all  -->
	<provider id="3106060" type="0" visible="true" background="-1"> <!-- Strava cycle  -->
		<name>Heatmap</name>
		<mode>Strava - Вело</mode>
		<countries>World</countries>
		<usage>overlay</usage>
		<cacheTimeout>720</cacheTimeout>
		<url><![CDATA[https://anygis.ru/api/v1/Tracks_Strava_Ride_HD/{x}/{y}/{z}{ts}]]></url>
		<serverPart></serverPart>
		<zoomPart>{z}-8</zoomPart>
		<zoomMin>8</zoomMin>    <!-- 0 -->
		<zoomMax>23</zoomMax>   <!-- 15 -->
		<tileSize>256</tileSize>
		<tileScales>
			<tileScale dpi="0" multi="2" replace="" />
		</tileScales>
		<extraHeader><![CDATA[Referer#https://www.strava.com/heatmap]]></extraHeader>
		<extraHeader><![CDATA[User-Agent#Mozilla/5.0 (Windows NT 10.0; Win64; x64) AppleWebKit/537.36 (KHTML, like Gecko) Chrome/73.0.3683.103 Safari/537.36]]></extraHeader>
	</provider> <!-- /Strava cycle  -->
	<provider id="3106070" type="0" visible="true" background="-1"> <!-- Strava run  -->
		<name>Heatmap</name>
		<mode>Strava - Бег</mode>
		<countries>World</countries>
		<usage>overlay</usage>
		<cacheTimeout>720</cacheTimeout>
		<url><![CDATA[https://anygis.ru/api/v1/Tracks_Strava_Run_HD/{x}/{y}/{z}{ts}]]></url>
		<serverPart></serverPart>
		<zoomPart>{z}-8</zoomPart>
		<zoomMin>8</zoomMin>    <!-- 0 -->
		<zoomMax>23</zoomMax>   <!-- 15 -->
		<tileSize>256</tileSize>
		<tileScales>
			<tileScale dpi="0" multi="2" replace="" />
		</tileScales>
		<extraHeader><![CDATA[Referer#https://www.strava.com/heatmap]]></extraHeader>
		<extraHeader><![CDATA[User-Agent#Mozilla/5.0 (Windows NT 10.0; Win64; x64) AppleWebKit/537.36 (KHTML, like Gecko) Chrome/73.0.3683.103 Safari/537.36]]></extraHeader>
	</provider> <!-- /Strava run  -->
	<provider id="3106050" type="0" visible="true" required="false" background="3106060"> <!-- Карта, указанная в background, должна быть в xml`е выше --> <!-- Strava run+cycle  -->
		<name>Heatmap</name>
		<mode>Strava - Бег+Вело</mode>
		<countries>World</countries>
		<usage>overlay</usage>
		<cacheTimeout>720</cacheTimeout>
		<url><![CDATA[https://anygis.ru/api/v1/Tracks_Strava_Run_HD/{x}/{y}/{z}{ts}]]></url>
		<serverPart></serverPart>
		<zoomPart>{z}-8</zoomPart>
		<zoomMin>8</zoomMin>    <!-- 0 -->
		<zoomMax>23</zoomMax>   <!-- 15 -->
		<tileSize>256</tileSize>
		<tileScales>
			<tileScale dpi="0" multi="2" replace="" />
		</tileScales>
		<extraHeader><![CDATA[Referer#https://www.strava.com/heatmap]]></extraHeader>
		<extraHeader><![CDATA[User-Agent#Mozilla/5.0 (Windows NT 10.0; Win64; x64) AppleWebKit/537.36 (KHTML, like Gecko) Chrome/73.0.3683.103 Safari/537.36]]></extraHeader>
	</provider> <!-- /Strava run+cycle  -->
	<provider id="3106080" type="0" visible="true" background="-1"> <!-- Strava water  -->
		<name>Heatmap</name>
		<mode>Strava - Вода</mode>
		<countries>World</countries>
		<usage>overlay</usage>
		<cacheTimeout>720</cacheTimeout>
		<url><![CDATA[https://anygis.ru/api/v1/Tracks_Strava_Water_HD/{x}/{y}/{z}{ts}]]></url>
		<serverPart></serverPart>
		<zoomPart>{z}-8</zoomPart>
		<zoomMin>8</zoomMin>    <!-- 0 -->
		<zoomMax>23</zoomMax>   <!-- 15 -->
		<tileSize>256</tileSize>
		<tileScales>
			<tileScale dpi="0" multi="2" replace="" />
		</tileScales>
		<extraHeader><![CDATA[Referer#https://www.strava.com/heatmap]]></extraHeader>
		<extraHeader><![CDATA[User-Agent#Mozilla/5.0 (Windows NT 10.0; Win64; x64) AppleWebKit/537.36 (KHTML, like Gecko) Chrome/73.0.3683.103 Safari/537.36]]></extraHeader>
	</provider> <!-- /Strava water  -->
	<provider id="3106090" type="0" visible="true" background="-1"> <!-- Strava winter  -->
		<name>Heatmap</name>
		<mode>Strava - Зима</mode>
		<countries>World</countries>
		<usage>overlay</usage>
		<cacheTimeout>720</cacheTimeout>
		<url><![CDATA[https://anygis.ru/api/v1/Tracks_Strava_Winter_HD/{x}/{y}/{z}{ts}]]></url>
		<serverPart></serverPart>
		<zoomPart>{z}-8</zoomPart>
		<zoomMin>8</zoomMin>    <!-- 0 -->
		<zoomMax>23</zoomMax>   <!-- 15 -->
		<tileSize>256</tileSize>
		<tileScales>
			<tileScale dpi="0" multi="2" replace="" />
		</tileScales>
		<extraHeader><![CDATA[Referer#https://www.strava.com/heatmap]]></extraHeader>
		<extraHeader><![CDATA[User-Agent#Mozilla/5.0 (Windows NT 10.0; Win64; x64) AppleWebKit/537.36 (KHTML, like Gecko) Chrome/73.0.3683.103 Safari/537.36]]></extraHeader>
	</provider> <!-- /Strava winter  -->
	<provider id="3106020" type="2" visible="true" background="-1"> <!-- yandex traffic  -->
		<name>Heatmap</name>
		<mode>Яндекс: интенсивность</mode>
		<countries>World</countries>
		<usage>overlay</usage>
		<cacheTimeout>720</cacheTimeout>
		<url><![CDATA[https://core-gpstiles.maps.yandex.net/tiles?style=point&x={x}&y={y}&z={z}]]></url>
		<zoomPart>{z}-8</zoomPart>
		<zoomMin>18</zoomMin>
		<zoomMax>25</zoomMax> <!-- Max: 17+8 -->
		<tileSize>256</tileSize>
		<attribution><![CDATA[© Яндекс]]></attribution>
		<extraHeader><![CDATA[User-Agent#Mozilla/5.0 (Windows NT 10.0; Win64; x64) AppleWebKit/537.36 (KHTML, like Gecko) Chrome/77.0.3865.120 Safari/537.36]]></extraHeader>
		<extraHeader><![CDATA[Referer#https://n.maps.yandex.ru/]]></extraHeader>
	</provider> <!-- /yandex traffic  -->
</providers>